name,ABA_routing,bank_country,account_number,IBAN,swift11
Laura Griffin,073485500,GB,DZYZ32251559416671,GB22MMPP30416085268005,FNLQGB670KT
Joyce Parker,091263610,GB,IRTF26749717044041,GB29RZJY55814829055230,YUCFGBUOJTI
Michelle Park,125967976,GB,KZIR56710546949317,GB67FYXG45604289308095,SXDOGBYSMR6
Amy Alvarez DDS,033987873,GB,FHQO47846894504696,GB09FDXY66401088392919,DBGVGBT5FBW
Janice Miller,095253901,GB,QRQW81730559324890,GB85AUJW78964373913833,VBJJGBTEDEB
Shawn Gutierrez,035708526,GB,MUXO76228240746337,GB15VNAB68645501420508,JZBWGB5Y8HP
Russell Farley,060049360,GB,AFAK29491712298716,GB08BXNT21976237813816,TOJHGBW3EJV
Kyle Barber,084201061,GB,LZDB02404547438961,GB59CFKI43476385983949,JQQKGB6BG9A
Brooke Hurley,015011822,GB,ENEE73609387138432,GB33JGEA54996893981767,ERVDGBHBJ6P
April Kim,022191654,GB,VZWW63972131064696,GB28GZZG27616473641110,UPGNGBN3U45
Gregory Carrillo,118966544,GB,WTYU01515549782560,GB29KYSY29404931387567,CBNQGB02AHO
Molly Sims,028111531,GB,TSOI85975909430581,GB81IPHN25635560560277,MRAYGBRQ6ZN
Jennifer Raymond,069325454,GB,CMIM22789800381496,GB80THYC95742872933432,XGPJGB35ZGD
Edward Thomas,032018141,GB,ATER17773507139635,GB93FUFV55095034969576,CJSDGB8KLVA
Ryan Walker,085563203,GB,FSAE17457299227568,GB60DCDV61947474770553,KBIKGBSVXQ6
Mr. Bobby Bennett,078035777,GB,DUKI79104890770747,GB91VTWN60606926340024,XKFLGBDW0BT
Madeline Farley,101287418,GB,FWFJ35176283861170,GB02ITXD59408130378786,JCXTGBRGGTY
Sandra Nguyen,122005365,GB,YJUD40057879361614,GB59YNTD20611729096871,GHACGBJCMNH
Linda Hendricks,118114286,GB,LMSB68369006370081,GB25GQTL77785643841957,ZOXEGB11RSC
Colleen Jones,085981403,GB,VXBW27850940873566,GB16CVLA37247653709904,FSBWGB9HXV9
Stuart Nelson,039419714,GB,NPDK64766472196388,GB74ORTR13200141056593,IWGPGB3FUPU
Lacey Taylor,113769649,GB,QCDE59877219973102,GB24UUGX23826485029114,AVYLGB1WA3M
Matthew Bryan Jr.,011516994,GB,MFPJ50227921124700,GB23QERT59331221595348,LQRPGBLCOIN
Benjamin Dickson,020033691,GB,ERLJ62101920392962,GB61NNZV72743723395421,GJHYGBJQLF2
Melissa Anderson,089720929,GB,PDQD19460478738420,GB51SMAL33454733343921,BZCOGBMUEVB
Henry Brooks,039036812,GB,BNTY87899853139134,GB22LHMF34062302981764,HAXHGBRKAE3
James Wilson,029626478,GB,OYVO23585164310148,GB75GEVG32544472978480,PYICGB6T84V
Ian Long,110966238,GB,CHMB47629065712177,GB82ACFU90380098165263,SFPHGBHSZQ4
Jason Hanson,064946281,GB,KSNO14235581103403,GB35IQFY54288866168144,EENIGBSC4RT
Kayla Smith,043551655,GB,JLUS54002976435238,GB49EWNQ12368914086316,KKABGB7XEMG
Deanna Bryan,048484840,GB,LQOF14845075647669,GB35TMWK87402305126372,HNGMGBDIPKL
Cathy Sexton,052244539,GB,JYTX07078142779958,GB61TVMY02774050107560,FKIJGBNNSFV
Charles Zimmerman,071460349,GB,MOJL75883636711759,GB18OKQM48627787504824,KNQIGB35VZP
Samantha Smith,019578853,GB,YULC28912990584516,GB03IIZB20351525048390,SIRUGBK44MM
Joshua Clark,025171079,GB,BXXT11876987174124,GB62MKJM69447006805667,FIAVGBI48JK
Donald Price,025600896,GB,OUHR54109230011647,GB16WTZZ98113282341204,JMLWGBJSHXU
David Nguyen,111768396,GB,MKMO34920962925233,GB06WNRI56532604536069,XTCVGBVG2NW
Jenna Watson,063065820,GB,KOFE50861097889540,GB82NAAH29441909078319,HMSGGB5CTUS
Lucas Wallace,010267037,GB,VQBG90029689226697,GB90EMGE17439664820385,BRORGBOWLUU
Carl Walker,023339266,GB,WMQN89065174106173,GB78SGHP59488243647813,GXMXGBROK85
Kelly Henderson,031634542,GB,QHFD33439143930273,GB48UTLM90340128174077,QVMOGBWGCJA
Walter Carter,030572883,GB,GXBY81812925208764,GB85PXNC54707293839924,CBDTGBVPK1P
Travis Hopkins,086580560,GB,CUJW58732549223697,GB19VLCO77770952182055,GADYGBGD994
Walter Ryan,067327564,GB,YTXK76159637247103,GB53LAIV67581149468066,IAXSGBUM8TO
Daniel Mathis,072744268,GB,MCXT94542434896367,GB02ESJD14129567076459,NDGAGBFT4IQ
Heidi Brady,089676426,GB,JMSO35409065621763,GB71QZZQ67148405622814,ZMKXGBFALJP
Christine Ross,014764714,GB,KWHJ69132270008126,GB40AVUP09830865445305,ZTFWGBMNR5D
William Hicks,061394713,GB,QDQH39329269198107,GB93UBDY61318373594299,VUQGGBHCRMF
Jeremy Lawson,042351911,GB,NABM14877370152499,GB68ZAYU62501915279343,LGCEGBDNNBA
Stefanie Gamble,040062419,GB,OVRY86381618563271,GB89DFMX47474904228550,NIDWGB9JNLM
Carrie Young,011144641,GB,REQU91527860395793,GB82KHHD86366930103695,ASCHGBB6XVS
Ariana Harrison,091823717,GB,EGLY15906331308733,GB82VBSQ37299895457801,HWKAGBJ3XKW
James Harris,101868701,GB,FINK35105308664483,GB42DRJX96749146414205,OVPIGBG3BBZ
Sara Gonzalez,125720414,GB,STPC15460711272443,GB17LIDY13571519784407,ZDSUGBD69PT
Gabriela Buck,029124873,GB,RMJZ25333068854965,GB50WAJM43251903450579,QOQSGB2CCZ2
Carly Collins,040052021,GB,ONIG17073227315138,GB74TZTK15312387054261,QQSMGB1QYKQ
Sharon Cook,062633790,GB,BJKY12482332551145,GB53FKRK86123678418993,TGEJGBQ6I9R
Susan Campbell,031007881,GB,YXUO87823142254816,GB55ODMY85132038036651,MWHKGBU29KX
Mrs. Olivia Warner,083328013,GB,UWZQ84120781779954,GB39AVYE48076876754809,JDSJGBWSPEP
Jason Garner,065688917,GB,HINA09373449938113,GB29LIFW22585949226012,OPYJGBH2LJH
Sheena Jimenez,034814437,GB,SPDS61586929258347,GB52FAIF27182789364739,KSYUGBK9JWT
Courtney Ramirez,100611784,GB,RSHF38188165981612,GB39SZOI07737258890653,ZQVJGB0PR66
Anthony White,025607420,GB,NOOC61603659743874,GB88IJPQ40023811484362,CWPVGBZRDLY
Gary Gonzalez,012037980,GB,NOHS52186475757227,GB39HUJM10229087510024,YBHYGBQFXV8
Scott Bryant,084696867,GB,MNRD03061675815639,GB83CNPP15680208470856,UEKOGBIFME6
Robert Diaz,031739968,GB,ESJZ85433823762286,GB06ROKU82430100586160,HJKPGB0SA11
John Meyer,084763389,GB,ZOKL73016043456334,GB20KKBU36467646882869,DWDPGBFMI34
Anthony Johnston,010487794,GB,YKOW69271304802094,GB83JGQF38559882178006,HIPAGB1K5P1
Patrick Sawyer,114274939,GB,TLMX70628330174524,GB83CKST99158170951675,RNHHGB8KRTA
Emma Wise,096730397,GB,GJEX43883045723178,GB50SRDD32986881806698,CATCGBKQ5VK
Matthew Brown,121982625,GB,IOPX16130292919502,GB75HJWM73962513637494,WYOJGBNLWKD
Ruben Williams,109293763,GB,IIND23964947270025,GB18SFJR97694828915053,AFFMGBGM18J
Patricia Contreras,102739240,GB,PPDW06277286960473,GB32AIQY70185867373150,LEBCGB12AM2
Miranda Gordon,098876657,GB,EVCL93107778295196,GB75ZMMK68896677832100,GVHLGBUSZU5
Antonio Johnson,016555662,GB,HQLT60856322063865,GB81NQDT90366457480451,MHXFGBUGQ6Y
Joseph Ray,108406645,GB,EAWR40143266185691,GB34CBYQ22310406676668,NVDUGBMXXAS
Katie Cooper,014424614,GB,TDIT75655736940226,GB56NNWI11041345069372,GAKRGBSJLN9
Crystal Allen,085871335,GB,NDMW40929353688782,GB36DQVS66161005137843,ZQKSGBTXE6U
Samantha Nelson,094113602,GB,SMNQ39993898462462,GB29RTYS51107963858368,DHQKGB3ZSK9
William Russell,098967252,GB,SJIY30146159989668,GB65OMRS89198448825227,LDNDGB92MHE
Amy Smith,091400606,GB,ADBB16033232555945,GB17WSYM20897184573340,HZZUGBSZLLM
Nicholas Jones,124624728,GB,VNUG75947336931710,GB54IADF62894148339071,QPPJGBPDOS4
Mariah Brennan,024420585,GB,JFJB07274605591949,GB52RROU80960475639998,UKUMGBBE9TI
David Wagner,043240429,GB,TMFD72164627115043,GB58VMCG69453631906820,SJCIGBEX8RU
Elizabeth Campos,076498442,GB,YUXR30020092900128,GB88EGUO53867604720435,KIMHGB4I4TJ
Brandon Kim,069321940,GB,XWIO42111529001246,GB04IFBQ23804846269262,PWEFGBX680V
Joseph Lee,024699400,GB,KDQS98244139175035,GB23TDWC98429390772398,GPGCGBW57EZ
Matthew Gomez,077335290,GB,WIBR44627659364101,GB63JAVM67439850689023,EJLUGBFBIJW
Jesse Graham,071869869,GB,GNCQ57755797593299,GB15YDQF97425217003963,GQBRGBWS5SQ
James Robinson,059811389,GB,BSJT05362702235824,GB24EEHA90478942167813,OAHSGBCMO97
John Butler,042053895,GB,EAJJ33863825961828,GB75OETO20632832503182,QWKUGBYGIEE
James Garcia,116214654,GB,ICVX98472561601993,GB35DIGV02181771014385,DSOJGBEARHL
Benjamin Dyer,023878617,GB,VBGQ74702461233146,GB88SYIB73894313801328,KPEEGBCUEZV
Garrett Cole,056012796,GB,KGOD06709674165837,GB94GHON99461826745621,TJQJGBAIFGE
Erin Bautista DDS,100429950,GB,DCDW22332869164301,GB52XHAQ58693206231395,VEDTGBFHN8O
Adrienne Cook,112560315,GB,VTLB84252668309901,GB75VDPP36583947583748,MGWFGBTS87J
Susan Simpson,094907067,GB,UYWX08230496050823,GB56VNDN49589352587815,ZUZOGBLNK7R
Charlotte Burke,119512670,GB,BLFA99863954203233,GB96BJMQ29936819336352,FBFZGB05GVJ
Samantha Swanson,095437329,GB,OOOA16717186711729,GB59JHBZ03175940315716,YTRHGBZTAXJ
Jessica Johnson,061145263,GB,XGCH83455684959845,GB51RFNY90670169833544,ZVOWGBINA1N
Laura Reed,068666981,GB,BLRW73333638387096,GB86WMKY63823765551044,ZKCOGB9A4ZV
Kathryn Garrett,017630104,GB,NPWW78538227693810,GB77VPBQ85921850074235,CKKIGB2OZ8K
Scott Anderson,040703833,GB,CZYQ93094089797962,GB93SXKY41763362797052,USGXGBT8UW1
Tonya Graham,019392440,GB,DTTM53305409437282,GB63ABTF87823796236817,LVSAGBB6RAF
Herbert Williams,121826736,GB,GFQC00183543899039,GB88WTKA12423663677552,MYLSGBTL0RT
Timothy Guzman,128069541,GB,CQNM27214235041544,GB51FGTW23488796947730,HRGUGBUXRWZ
Christopher Mcgee,032287888,GB,VXGB15660072735890,GB49WGYQ63863504674275,SPIPGBU5AXD
Michael Daniel,040495109,GB,CWDY16206372047553,GB53FROC99713683163589,JILLGB1YIGG
Jason Kidd,024698812,GB,MZMS90109168057935,GB36IJHC37053077884463,XYCDGBOJZ11
Laura Rhodes,070346846,GB,AWBK00240598731487,GB47FRXY85245394556637,VBAHGB7SNGX
Colleen Lewis,046107268,GB,WDZI75434244195599,GB79QCGL93756818203194,QWOUGB1E76W
Jason Nelson,061117903,GB,LILN99549547712240,GB26OSSX47459182166555,JRZWGBMWNEE
Thomas Green,071169129,GB,OGVC43004681370638,GB64ZBOK06442251638733,RGOTGB36SXK
Matthew Hancock,126661103,GB,XZMJ44747449025899,GB86NKEI14304565896173,HKPHGBQTI7G
Cathy Underwood,038575345,GB,XHXC96400412038540,GB79BKBW33711535016528,DYFAGBQIH6N
Robert Young,107363226,GB,GOLG32310523921366,GB24EGXC73689039561148,JAUFGBMTPOM
Hannah Jordan,123659697,GB,FHDS39598406983254,GB73QYRI28941105929788,OOYLGB5VACA
Matthew Gallagher,126692745,GB,SZBZ54163598460342,GB84DHRY11268507220462,QRKOGB82DNS
Victor Smith,021597880,GB,GLGJ32524170855104,GB23POBW67569927788000,PCTGGBFOJ7G
Jeffrey Herrera,101712909,GB,GRBV64043218982443,GB56OHKP33194225791152,WASFGBZQ2A2
Robert Taylor,040596943,GB,NORW77119736641151,GB63JYQI30006074515413,CWKXGBQN8CV
James Martinez,028108434,GB,ADAG39706918687958,GB18DGGW71383042152803,FDPQGBC7IVS
Jason Everett PhD,061175068,GB,WYFV37969121248977,GB49YWBS71133944230956,FZTOGBKE08O
Sarah Richardson,040044372,GB,ESOP40818970884663,GB43QJKR23002123483548,EWWYGB94YGB
Michelle Frost,122656824,GB,XPSC61274028694269,GB20UHSI53799919583507,YLEIGBVVTOS
John English,101453624,GB,MENG51808003552924,GB12KAVB69033487882736,MEVGGBDYB6I
Jeffrey Lee,077718503,GB,DFHE27656643417585,GB49RJSF90491556027271,QVFBGBVWZJH
Beverly Nichols,039944205,GB,TTKM82877819857779,GB93MHYI75669427706679,JLDRGBVMX29
Luis Brown,032523047,GB,KGCA12523378540760,GB76VZWU31937022327512,SYBKGBKIQH3
Brandy Sparks,081494127,GB,QQGX11814935792249,GB70HNAK88390373368721,TJKQGB5IQQJ
Robert Hicks,088929190,GB,PTZD94172465411310,GB06ZAEP67600189447039,PXRUGBTJUI7
Michael White,037075503,GB,WVZZ18034728654155,GB40SZBZ07289637293654,BCPDGBF6AE3
Jeffery Forbes,034886261,GB,UJYP61180988425313,GB96IUAD71383781337921,VNVJGB7ZC1N
Patrick Day,081231063,GB,WCRV47759736598780,GB31TVSG86010465861691,PFGFGBT5G8H
Jonathan Mitchell,021629787,GB,BSKT89829878467773,GB11QAZY95347684137024,QMTQGBVB7MQ
Samuel Morrow Jr.,080583259,GB,UOVT90313306882689,GB31RQMK82854886235923,GUGFGBDYFDZ
Michael Reed,048374688,GB,QTMY39117870237449,GB40TIEI65724657953669,QVSMGBL3AX8
Dr. Tiffany Mcmillan DDS,061670356,GB,FZDP75032066110602,GB64NCXT12862375835897,IXSMGBCDGYT
Larry Cline,016554375,GB,VGYF03263922862128,GB72UWOB64438911402608,YQRTGBLO4KV
Donald Reynolds,120728440,GB,LECK51063035630817,GB14SYMF08703785007874,GOVYGBTZSMR
Kelly Guerra,127154059,GB,PUKL64874832011521,GB68FDTM93666017150625,XMBGGBHDSFL
Cindy Le,113367575,GB,BXGP46201517736788,GB94HXYM24733052121473,KJTXGBFCYTD
Timothy Lewis,088345143,GB,DHDR23648410722493,GB94PLYX16797932153650,KURWGBSZY1H
Michele Chavez,046533324,GB,UDHN38379399301795,GB24YDCE31704170821007,EDIVGBA4SPN
Shawn Jones,069137590,GB,JJPR90591626580917,GB31GZWY26202933928047,BUCLGBRFTU4
Dean Ross MD,085475511,GB,FGOM69975536704135,GB47JPLM66161316558480,DOOIGBP1X1O
David Jenkins,056685822,GB,SVIY59460792028001,GB91TCMN23838616380622,JPEIGBX24E4
Kevin Adams,095710059,GB,YMGP30574036615729,GB34GQUV67379417900894,WHDIGBHOQI3
Whitney Williams,088010711,GB,CXTM70168609498388,GB30HDKA62300994142203,TBJHGBO3BK8
Paul Hutchinson,086860471,GB,SSMV99741113522971,GB65NKVK86787939419847,YBVWGB68ELV
April Warren,092170168,GB,FSVT64411294370879,GB63AJKD83545689272978,ICPZGBVLIME
Barbara Moore,011066253,GB,KBVT07418299411934,GB51KGHM38842463216180,QNETGBV1EV0
Robert Wilson,011194002,GB,IRGQ85357669744609,GB78JEBZ21339629164593,MNFGGB9JRYE
Ashley Park,086603227,GB,WLJF90515881385417,GB86VXJE89029434245714,ZNAFGB3IRDQ
Heather Mueller,101083243,GB,TCRB95477380369519,GB83YQDA52754078700138,UVXTGBX3Y2B
Brian Duncan,065929155,GB,UPMR87448864281625,GB61TBQE71855339312649,BPVTGB9Q82C
Tristan Garcia,114645306,GB,VCIN01320715867090,GB02ODMS35240055751473,PAEFGBS0VXS
Larry Gutierrez,017159067,GB,PCWB27684691089187,GB16HYFR37466567242384,VSMEGB4M2PV
Emily Hunter,011888554,GB,HWWH90345514368063,GB07WTUZ56413155627811,CDEDGBZWPO8
Veronica Pope,047702565,GB,AYEG27211213532637,GB73HQVA67774209055373,JZOQGBGHEUO
Jillian Hunt,013883052,GB,BWHC08359825170252,GB60GSMO19245665406093,GATGGBBN9OS
Bradley Phillips,033369967,GB,XZRO66489277200378,GB74XCIB15090430722483,OKVSGBTSQZ2
Lisa Weaver,112231275,GB,IEFQ73250579448202,GB78WUQH87629600711594,TYFFGBDCLRV
Drew Cohen,057775582,GB,DSAW74965322246300,GB03HMIA94548403326320,VYZAGBEFLR8
James Padilla,068217880,GB,PSJR93472920644671,GB02VCGD08587494999771,PCABGBQ7YAZ
Nicholas Williamson,061337233,GB,BRBS95683063166132,GB50HFRM12819116275546,SNBQGB94WWS
Jose Hardy,029042256,GB,JRWE16841317858502,GB50CIPL52794697672398,ZJWVGBSV2TZ
Cody Mendoza,077216610,GB,XRQQ48203278617775,GB08IOUA94410816313732,DVJOGBQPDPN
Ryan Smith,081713235,GB,FPTA33987987970212,GB25MYUT34523598176407,KNTPGB4M3JC
Robyn Wilson,040107646,GB,IWDQ51258496540413,GB02IBWH19853865090116,PXLMGB5R0HZ
Sandra Thompson,064066420,GB,LVSU20155885826139,GB36WNTR37269118204086,AVZWGBYDA5E
Kristen Bell,118777034,GB,EWZA46321925128013,GB08WVQU02517852804413,HBAUGBAGKC4
Jerome Miller,021660034,GB,GQHW49404615693359,GB40LYBJ64794742483804,QXIXGB6GSUJ
Ian Mercer,020736383,GB,PSXN34513417207308,GB74LWNX77231892760554,ATBKGBX94RE
Melissa Smith,089465653,GB,URVS52812481151570,GB84KILG92872955000012,ZDXFGB0OE3A
Mario Riddle,054419702,GB,PBEZ11730415692275,GB68BJKL24560723472763,ZELMGB5OREX
Patricia Ramirez,082531115,GB,EIQU95196530381885,GB08QLWE01156611284661,SUWOGBXQQ6B
Christopher Williams,060543060,GB,OIBS89186195100578,GB19UXQN28535874546065,OUSIGB59PNX
Ryan Mata,044342520,GB,UBXQ43626023062884,GB11BCUT76494410629679,NJVSGBEK8E8
Justin Crawford,071463579,GB,PGVL28077198637933,GB87MYJZ12357906439572,MGGKGBWR5DF
Douglas Gardner,061938098,GB,OQVS05970894146976,GB96AKDR81408291086119,HMUWGBH7ZO7
Denise Olson,037027894,GB,FUXI07643121268512,GB48LKCE20913037981187,WBZZGBFK2HL
Michael Bush,030833807,GB,EENG18730598469221,GB57MJOX23617722086069,YLQCGB9WQ1K
Keith Taylor,091436832,GB,WVQQ72650146996438,GB90DPQP79759869175375,FUYEGBKBG3M
Emily Miller,047351013,GB,AWVX79838239859722,GB87IKLP16077826219517,KUNXGB733ZM
William Diaz,051889607,GB,SJMM40327068558889,GB10LMNN63335861651711,PQEPGB0R3YG
Jennifer Walters,123603740,GB,GKIL58403233370388,GB21JMMY01505354454858,HLBCGBOG1YN
Brian Bowen,069353675,GB,NJAD09844740124736,GB45JIRA07167801071911,XBEFGBGCHNZ
Andrew Ryan DDS,122815335,GB,QTDT39937493278337,GB40LXTK75117493737343,STLZGBK2P1N
Brent Berry,066723237,GB,LEOT41557073590271,GB75HIPV15712490447316,UTHUGBBEOF5
Philip Michael,030063651,GB,JPOL12729890629196,GB09JQGN96904919661498,XIPRGBSLGHL
Kayla Roth,026609838,GB,YSKC14083844702585,GB19OFUW93035833919488,FQYFGB67U90
Daniel Taylor,063714090,GB,HZKQ07052849526932,GB71WMPD92032840341863,MXRPGBJBN03
Chelsea Ortiz,081507878,GB,GPPP03214509075956,GB13CGUZ16756853491135,REYYGBZET4F
Mark Gonzalez,027582006,GB,DYOS97754689760192,GB64GGUV66827497169885,QCFXGBNOLUZ
Ronald Brown,028908016,GB,XTJK21511920321554,GB27DPPG47595648491958,UKUKGBC6WC1
Laura Cain,091427841,GB,CJDF60980081889356,GB89PKAP24516328149678,YRHHGBJMG6X
Paula Moore,042769118,GB,HVGX24262669699505,GB34FDRH77547693562304,KYTDGB28G7T
Jamie Day,012480919,GB,LBEE11984852399173,GB60JIMA34467474440061,FMVKGB4KUY4
Ian Sherman,086846259,GB,VHEW68025317216773,GB36DHYR42255250859437,RMYLGBH51JT
Troy Hughes,072065918,GB,AEDX67539640476973,GB39ZVJP66610805687110,UBMLGBPL0WA
Jeffery Mccoy,103512181,GB,LBBQ65144310677415,GB10FUDR84137372023061,HCZHGB05KA9
Rachel Collins,065277959,GB,MIWP65429838866161,GB03FNKP11918691604811,WCOXGBGD6EQ
Barbara Reynolds,032092785,GB,AUBO47135173372269,GB24HRWA64391791397912,ILTJGB2LZ5Q
John Randall,119795251,GB,DUDZ18440924515660,GB66BMKK03979632022921,JJWEGB1HX53
Joseph Reed,095529376,GB,XKCC01463308845507,GB78WMXJ26858470294313,YITUGBJCXYG
Emily Fitzgerald,024760643,GB,QBDO50460663664999,GB29RHEJ45229793516575,MBMPGB51DCH
Beverly Gentry,109982058,GB,HPNM73812095729139,GB09XWCY47421690642855,JHNDGB1YRZS
Alyssa Smith,067130913,GB,VTFB39499732777965,GB37MAHF44100467436302,KKQOGBITSU0
Angela Davis,052863457,GB,KHCY43920682328910,GB20WILR87634940291595,EOMJGB1TS6L
Margaret Warner,053980834,GB,HBES45734090975989,GB94FRBU51089330999786,GUGIGB1I8TR
David Stephens,060072722,GB,WWID91911019502042,GB68AXOW88153352999112,CFODGBYW0XZ
Andrew Martinez,098059416,GB,KZKZ19642321236379,GB96NETU55126843952858,YNCBGBLHC89
Lynn Brown,077698571,GB,UPXO10532920694496,GB06XCCW83186382477717,CQWMGBHMD6F
Alexander Hunt,104381625,GB,LPVW83886697377102,GB88NBPM35785657491939,LNXSGB15GGU
Dustin Carter,048534732,GB,KJFR03995118966218,GB22GZRB44952497676490,TTBUGBOTKMQ
Molly Ford,113165418,GB,VLRT91862949991646,GB22TOMQ83132754225352,HJRAGBQF8EQ
Ashley Hogan,010501036,GB,DCWF73819556278203,GB88YYNL20686159138034,YAMAGBJV09Q
Shawn Patterson,107571241,GB,QFXV34256682605254,GB35DFGW36671010054131,SQRVGBQIFOK
Douglas Stevenson,050970834,GB,BCQL58369606022018,GB23IFXI37573356544347,TFSKGBSPNEE
Kevin Juarez,058151914,GB,AAKT74292887323727,GB28WVJA16578005968717,CPWIGBQVB7X
Brenda Moore,043736881,GB,ZURX29094740980192,GB88JDFM15191430881905,QWZHGBYB0JQ
Mark Randall,078551947,GB,HZHG68886788525165,GB89HOTF48519838534505,JGEXGB0Q2Z6
Michael Neal,022736239,GB,JJXH52958017044887,GB02OQLF70975318074213,PULSGBKF43Y
Willie Smith,010676479,GB,QNJR66602610096376,GB19SHEB32772125348841,DWEKGBB95ID
Terry Odonnell,095192790,GB,ZSEX18035228747529,GB48HKSQ53788688813457,MJDNGBTMPYR
Miguel Crosby,108684357,GB,IGQE57965985410075,GB95NAHO05876757650764,YQHQGBO8VU8
Andrea Henderson,027273674,GB,TGHW26334135242629,GB73UYYT78398668113276,SBQHGBNRY4I
Mark Henderson,128635687,GB,AQZN79777574681243,GB22QENG93350970207947,SZZOGBDOM1Q
Philip Henderson,067007486,GB,VTTF99568266540878,GB65HOHW05167214746360,FSHCGBHN8JL
Nancy Ramirez,037718161,GB,HVNN05440602145728,GB14LVXN98471943401167,OEKGGBZMFQV
Ashley Diaz,056472268,GB,DMST70056434118655,GB26OPZD58973206310764,SBGDGBB5B7U
Stephanie Wyatt,027512005,GB,KNNW44084261987954,GB55OJIZ12827857374459,TVDLGBR2PP2
David Thompson MD,063246047,GB,UWOZ69386611195373,GB70AETO51684151864392,OSPIGBHFG9O
Teresa Combs,071187758,GB,FPEB91942978277716,GB03BCRP06298055984523,NDYXGBI8U3D
Ronald Lopez,058087185,GB,UEAR01656019240430,GB23MZSB17226895041263,KQYBGBKYWNU
Denise Garcia,124429004,GB,AMOR34603173118298,GB34HDVL52368270615181,CSVKGBWIRI9
Melissa Cordova,055890809,GB,GRRF51206327088454,GB67IWIA37910134896056,YHAGGBWSHQ4
Linda Hooper,046407418,GB,CGCB76781475850396,GB46AKZR52802975761304,QOEOGBAOT0Q
Tyler Edwards,100172812,GB,MBYH67725374296836,GB95DWKF49687139320763,CYRHGBM3NPN
Andrew Robinson,097410483,GB,ERJR17353736353260,GB38VULY43427098382793,LFGRGBWJ9CQ
Tina West,014856088,GB,EKMX43540717316427,GB02EGEC00860162223848,UIDMGBTHKS8
Larry Martinez,037251518,GB,OSMD77814308744090,GB82QVED15931778482424,RPSNGB5RCHN
Sarah Jackson,016211375,GB,ZGYX00281411265670,GB80RHJB12237577984604,ZFRAGBNJIAF
Rebecca Brown,080581141,GB,ZNBX47147541387591,GB09KTZJ60739690946937,DGRJGB16O4J
Brandon Smith,097791322,GB,RQTB79022255000803,GB52BUZF10669230907401,UJAMGB8ORQ3
Roberto Chan,014545166,GB,NPBN41295853522882,GB55JKCC25209486528440,NNLSGBBVWL0
John Montgomery,126305171,GB,CNRL53694208446527,GB21YGTF41286528169371,SWNPGBJ1BDO
Debra Brady,066382186,GB,HDSX40629942777311,GB75AJFG10621646095496,CIOXGBJ72MR
Beth Stokes,027351198,GB,BEQQ42308984920019,GB41ULXL97063142869771,JMAQGB0Z649
Ronald Reilly,083328880,GB,KYIC98322897428179,GB40ZAUN20189125973619,KSANGB62OI9
Alan Harper,035976798,GB,MRNS07357650843334,GB58KARR64885048599827,YXTGGBJ1J1M
Jordan James,064792545,GB,VUDG88045886419257,GB69VTJW04234004379248,CBRTGBJR7YC
Michelle Thompson,039038470,GB,CHNX07894129562673,GB82ENBR06774887603186,EDMOGBHX89Q
Robert Stokes,070850772,GB,URQT04956370841117,GB05GLNO30607260988497,QLBDGBAJ9NE
Timothy Ray PhD,042312947,GB,AYVS07809681312680,GB56RHLW87407284522303,ZHLLGBL6NO3
Jordan Jones,012313620,GB,IQDI85527637953603,GB59XFWB43137162044334,MGPKGBCAZ0L
Denise Patel,122341728,GB,WZPM69945056939879,GB06IMLL40360345967261,QMLZGBPSAC2
Kyle Davis,064644981,GB,DKDR41935714933940,GB58MVIQ01134723533804,UNAZGBRVJ72
Sarah Parker,094808292,GB,JUNY66534439771515,GB51AOFK29961724960348,NCNAGBIU36K
Stephen Raymond,016276488,GB,UDMS27956043047893,GB28XEFO44557182633719,LVCAGB3H63L
Jeffrey Reed,074095643,GB,KJEH63716136979745,GB77PMDN25170513129292,SNOTGBZ3NE7
